[
  {
    "id": "building-a-house",
    "title": "Building a House",
    "description": "While building a small house you'll get to know the most common tools used in Fusion 360.",
    "startChapterNumbersWith": 0,
    "chapters": [
      {
        "id": "0-setup-environment",
        "number": "Prolog",
        "title": "Setup",
        "description": "To ensure that your Fusion 360 settings match the ones that were applied when creating this tutorial we would kindly ask you to adjust the settings as followed. Some or all settings might already be configured in the same way.",
        "thumbnail": "",
        "thumbnailAlt": "A screenshot of Fusion 360's <strong>View Cube</strong>",
        "steps": [
          {
            "event": "",
            "text": "Select <strong>Perspective with Ortho Faces</strong> in the ___View Cube___'s drop down menu.",
            "tooltips": ["The cube in the upper right of the workspace"],
            "hint": "set-view-mode-perspective-ortho-faces",
            "stepGroup": 0
          }
        ]
      },
      {
        "id": "1-square-sketch",
        "title": "It Begins With a Sketch",
        "description": "The most common way to create an object is by starting with creating a sketch. A sketch is a two-dimensional shape i.e. a circle or rectangle. To create the cubic part of the house we begin with a square sketch on the bottom plane.",
        "thumbnail": "square-sketch.png",
        "thumbnailAlt": "A screenshot of a sketched square.",
        "steps": [
          {
            "event": "clickedCreateSketch",
            "text": "Click on the <strong>Create Sketch</strong> icon.",
            "tooltips": [],
            "hint": "click-create-sketch",
            "stepGroup": 0
          },
          {
            "event": "selectXYPlane",
            "text": "Inside the ___workspace___ click the orange square on the ___<strong>XY-plane</strong>___.",
            "tooltips": [
              "The workspace is the big area in the center of the Fusion 360 window where you can see your model and manipulate it.",
              "The XY-plane is spanned by the X-axis (red) and the Y-axis (green). You can also determine which is the x, y, and z-ais by comparing position of the axes in the workspace with the axes on the cube in the upper right corner."
            ],
            "hint": "select-x-y-plane",
            "stepGroup": 1
          },
          {
            "event": "clickedCenterRectangle",
            "text": "Select the <strong>Center-Rectangle</strong> from the <strong>CREATE</strong> menu.",
            "tooltips": [],
            "hint": "select-center-rectangle",
            "stepGroup": 2
          },
          {
            "event": "setCenterRectangleCenter",
            "text": "Set the center of the rectangle by clicking on the intersection between the ___x-axis___ and the ___y-axis___.",
            "tooltips": [
              "The x-axis has a red color in the workspace",
              "The y-axis has a green color in the workspace"
            ],
            "hint": "set-center-rectangle-at-x-0-y-0",
            "stepGroup": 3
          },
          {
            "event": "specify100100square",
            "text": "Specify a ___size___ of 100x100mm and click to confirm.",
            "tooltips": [
              "You can either use the mouse or press the Tabulator Key to switch between specifying width and height."
            ],
            "hint": "specify-100x100-square",
            "stepGroup": 3
          },
          {
            "event": "clickedFinishSketch",
            "text": "Click on <strong>Finish Sketch</strong>.",
            "tooltips": [],
            "hint": "click-finish-sketch",
            "stepGroup": 3
          }
        ]
      },
      {
        "id": "2-get-cubic",
        "title": "Let's Get Cubic",
        "description": "After a sketch is created, we want to build a three-dimensional shape from the two-dimensional sketch. The extrude feature represents a way to extrude these sketches into 3-dimensional shapes. We will extrude our quare sketch from the first chapter into a cube.",
        "thumbnail": "extruded-cube.png",
        "steps": [
          {
            "event": "clickedExtrudeFeauture",
            "text": "Select the <strong>Extrude Feature</strong> in the <strong>CREATE</strong> menu.",
            "tooltips": [],
            "hint": "select-extrude-feature",
            "stepGroup": 0
          },
          {
            "event": "extrudeSquare",
            "text": "Drag your square ___upwards___ for a distance of a ___100mm___.",
            "tooltips": [
              "Along the y-axis that is represented in green.",
              "You may also just type 100 into the height box."
            ],
            "hint": "extrude-square-100",
            "stepGroup": 1
          },
          {
            "event": "confirmExtrudeCube",
            "text": "Confirm by clicking <strong>Ok</strong> in the command dialog.",
            "tooltips": [],
            "hint": "confirm-extrude-square",
            "stepGroup": 1
          }
        ]
      },
      {
        "id": "3-raise-roof",
        "title": "Raise the Roof",
        "description": "Now we want to create a roof by starting with a sketch again. We can create sketches on either selected planes or planes that are created by our components themselves. In this chapter we will create a sketch on the front of our cube.",
        "thumbnail": "Chapter3.png",
        "steps": [
          {
            "event": "clickedCreateSketch",
            "text": "Click on the <strong>Create Sketch</strong> icon.",
            "tooltips": [],
            "hint": "click-create-sketch",
            "stepGroup": 0
          },
          {
            "event": "selectCubeFrontPlaneRoof",
            "text": "Select the ___front___ plane of our cube.",
            "tooltips": [
              "You can drag the cube in the right upper corner of the workspace to orientate in your design."
            ],
            "hint": "select-cube-front-plane",
            "stepGroup": 1
          },
          {
            "event": "clickedLine",
            "text": "Select <strong>Line</strong> in the <strong>CREATE</strong> menu.",
            "tooltips": [],
            "hint": "select-line-tool",
            "stepGroup": 2
          },
          {
            "event": "clickedFirstTriangleLine",
            "text": "Click on the upper left corner of our square plane.",
            "tooltips": [],
            "hint": "click-upper-left-corner-square",
            "stepGroup": 3
          },
          {
            "event": "clickedSecondTriangleLine",
            "text": "Click on the point of the ___y-axis___ such that the angle is 45°.",
            "tooltips": [
              "The y-axis has a green color in the workspace."
            ],
            "hint": "click-second-roof-triangle-point",
            "stepGroup": 3
          },
          {
            "event": "clickedThirdTriangleLine",
            "text": "Click on the upper right edge of our square plane.",
            "tooltips": [],
            "hint": "click-third-roof-triangle-point",
            "stepGroup": 3
          },
          {
            "event": "clickedFinishSketch",
            "text": "Click on <strong>Finish Sketch</strong> to confirm.",
            "tooltips": [],
            "hint": "click-finish-sketch",
            "stepGroup": 3
          }
        ]
      },
      {
        "id": "4-rain-protection",
        "title": "Rain Protection",
        "description": "A simple triangle is not enough to protect our house from the rain. We need to extrude our triangle-roof just as we did with the square foundation of our house.",
        "thumbnail": "Chapter4.png",
        "steps": [
          {
            "event": "clickedTrianglePlane",
            "text": "Click on the triangle sketch, we created in the last chapter.",
            "tooltips": [],
            "hint": "select-roof-triangle",
            "stepGroup": 0
          },
          {
            "event": "clickedExtrudeFeauture",
            "text": "Select the <strong>Extrude Feature</strong> in the <strong>CREATE</strong> menu.",
            "tooltips": [],
            "hint": "select-extrude-feature",
            "stepGroup": 1
          },
          {
            "event": "extrudeRoof",
            "text": "Drag the arrow to the back of the square or define a distance of -100mm.",
            "tooltips": [],
            "hint": "extruede-roof",
            "stepGroup": 2
          },
          {
            "event": "confirmExtrudeRoof",
            "text": "Click <strong>Ok</strong> in the command dialog.",
            "tooltips": [],
            "hint": "extrude-roof-confirmation",
            "stepGroup": 2
          }
        ]
      },
      {
        "id": "5-create-room",
        "title": "Create Some Room",
        "description": "Our house consists of a solid block o material as of right now but we need place inside for people to live in. That is why we are going to hollow it out from the bottom. This is where the Shell Feature comes into play.",
        "thumbnail": "Chapter5.png",
        "steps": [
          {
            "event": "selectBottomPlane",
            "text": "Select the ___bottom___ plane of our house.",
            "tooltips": [
              "You can drag the cube in the right upper corner of the workspace to orientate in your design."
            ],
            "hint": "shell-select-house-bottom",
            "stepGroup": 0
          },
          {
            "event": "clickedOnShell",
            "text": "Select the <strong>Shell Feature</strong> from the <strong>MODIFY</strong> menu.",
            "tooltips": [],
            "hint": "select-shell",
            "stepGroup": 1
          },
          {
            "event": "draggedShell",
            "text": "Drag the arrow or type a thickness of 10mm.",
            "tooltips": [],
            "hint": "drag-cube-shell",
            "stepGroup": 2
          },
          {
            "event": "confirmShell",
            "text": "Confirm by clicking <strong>Ok</strong> in the command dialog.",
            "tooltips": [],
            "hint": "confirm-cube-shell",
            "stepGroup": 2
          }
        ]
      },
      {
        "id": "6-entrance",
        "title": "Make an Entrance",
        "description": "Every house needs a door. We will create an entrance by using the Extrude feature again but by dragging it in the opposite direction. But first we will have to create a sketch for the shape of the entrance.",
        "thumbnail": "Chapter6.png",
        "steps": [
          {
            "event": "selectCubeFrontPlane",
            "text": "Select the ___front___ plane of our house.",
            "tooltips": [
              "You can drag the cube in the right upper corner of the workspace to orientate in your design."
            ],
            "hint": "select-house-front-plane",
            "stepGroup": 0
          },
          {
            "event": "clickedCreateSketch",
            "text": "Click on the <strong>Create Sketch</strong> icon.",
            "tooltips": [],
            "hint": "click-create-sketch",
            "stepGroup": 1
          },
          {
            "event": "clicked2PointRectangle",
            "text": "Select the <strong>2-Point Rectangle</strong> from the <strong>CREATE</strong> menu",
            "tooltips": [],
            "hint": "select-2-point-rectangle",
            "stepGroup": 2
          },
          {
            "event": "created2PointRectangle",
            "text": "Create a ___50x40mm___ door in the bottom middle of the plane.",
            "tooltips": [
              "You can either use the mouse or press the Tabulator Key to switch between specifying width and height."
            ],
            "hint": "create-door-rectangle",
            "stepGroup": 3
          },
          {
            "event": "clickedFinishSketch",
            "text": "Click on <strong>Finish Sketch</strong> to confirm.",
            "tooltips": [],
            "hint": "click-finish-sketch",
            "stepGroup": 3
          },
          {
            "event": "selectEntranceSketch",
            "text": "Select the entrance sketch.",
            "tooltips": [],
            "hint": "select-entrance-sketch",
            "stepGroup": 4
          },
          {
            "event": "clickedExtrudeFeauture",
            "text": "Select the <strong>Extrude Feature</strong> in the <strong>CREATE</strong> menu.",
            "tooltips": [],
            "hint": "select-extrude-feature",
            "stepGroup": 5
          },
          {
            "event": "createdEntrance",
            "text": "Drag the arrow inside the house of select a distance of at least ___-10mm___.",
            "tooltips": [
              "Because our walls have a thickness of 10mm."
            ],
            "hint": "extrude-entrance",
            "stepGroup": 6
          },
          {
            "event": "confirmExtrudeEntrance",
            "text": "Confirm by clicking <strong>Ok</strong> in the command dialog",
            "tooltips": [],
            "hint": "confirm-extrude-entrance",
            "stepGroup": 6
          }
        ]
      },
      {
        "id": "7-offset-plane",
        "title": "Offset Plane",
        "description": "Sometimes we want a sketch that is not located on one of the original planes nor a plane from our component. This is when we can use offset planes to create planes that lay parallel to another plane in our design.",
        "thumbnail": "Chapter7.png",
        "steps": [
          {
            "event": "clickedOffsetPlane",
            "text": "Select <strong>Offset plane</strong> from the <strong>CONSTRUCT</strong> menu.",
            "tooltips": [],
            "hint": "click-offset-plane",
            "stepGroup": 0
          },
          {
            "event": "selectXYPlane",
            "text": "Inside the ___workspace___ ___click___ the orange square on the ___<strong>XY-plane</strong>___.",
            "tooltips": [
              "The workspace is the big area in the center of the Fusion 360 window where you can see your model and manipulate it.",
              "If the square is covered by the house, rotate the cube in the upper right corner until you can see it through the house's bottom hole.",
              "The XY-plane is spanned by the X-axis (red) and the Y-axis (green). You can also determine which is the x, y, and z-ais by comparing position of the axes in the workspace with the axes on the cube in the upper right corner."
            ],
            "hint": "select-x-y-plane-for-offset",
            "stepGroup": 1
          },
          {
            "event": "draggedOffsetPlane",
            "text": "Drag the arrow ___upwards___ or type a distance of 160mm.",
            "tooltips": [
              "Along the y-axis that is represented in green."
            ],
            "hint": "set-offset-plane-160",
            "stepGroup": 1
          },
          {
            "event": "confirmOffsetPlane",
            "text": "Confirm by clicking <strong>Ok</strong> in the command dialog.",
            "tooltips": [],
            "hint": "confirm-set-offset-plane-160",
            "stepGroup": 1
          }
        ]
      },
      {
        "id": "8-chimney",
        "title": "Finish Chimney",
        "description": "We will design our chimney by creating a box on the offset plane and extruding it afterwards. For this we are going to use the Box feature unlike in the first chapter when we created the base cube of the house. Both options lead to the same result. Afterwards we will use the Extrude feature but unlike we did before, we will not drag the arrow but extrude to another object. This allows us to combine shapes that have a different angle to each other without part of the roof stretching into the inside of the house.",
        "thumbnail": "Chapter8.png",
        "steps": [
          {
            "event": "selectOffsetPlane",
            "text": "Click on the offset plane that we created in the previous chapter.",
            "tooltips": [],
            "hint": "select-chimney-offset-plane-with-box-tool",
            "stepGroup": 0
          },
          {
            "event": "clickedBox",
            "text": "Select <strong>Box</strong> from the <strong>CREATE</strong> menu.",
            "tooltips": [],
            "hint": "select-box-for-chimney",
            "stepGroup": 1
          },
          {
            "event": "createdBox",
            "text": "Create a 20x20mm Box with a height of 5mm in the ___middle of the roof___ by selecting two diagonal points in the plane.",
            "tooltips": [
              "Click on the TOP side of the <strong>View Cube</strong> (upper right corner) to easier find the middle"
            ],
            "hint": "create-chimney-box",
            "stepGroup": 2
          },
          {
            "event": "confirmBox",
            "text": "Confirm by clicking <strong>Ok</strong> in the command dialog.",
            "tooltips": [],
            "hint": "confirm-chimney-box",
            "stepGroup": 2
          },
          {
            "event": "selectBottomOfBox",
            "text": "Select the ___bottom___ of the newly created box",
            "tooltips": [
              "You can rotate the <strong>View Cube</strong> (upper right corner) to position the camera in the workspace"
            ],
            "hint": "select-bottom-chimney-box",
            "stepGroup": 3
          },
          {
            "event": "clickedExtrudeFeauture",
            "text": "Select the <strong>Extrude Feature</strong> in the <strong>CREATE</strong> menu.",
            "tooltips": [],
            "hint": "select-extrude-feature",
            "stepGroup": 4
          },
          {
            "event": "clickedToObject",
            "text": "In the command dialog under <strong>Extent Type</strong> select the option <strong>To object</strong>.",
            "tooltips": [],
            "hint": "chimney-box-select-to-object",
            "stepGroup": 5
          },
          {
            "event": "selectedSideOfRoof",
            "text": "Click on the right side of our roof",
            "tooltips": [],
            "hint": "chimney-box-select-to-object-target",
            "stepGroup": 5
          },
          {
            "event": "confirmExtrudeChimney",
            "text": "Confirm by clicking <strong>Ok</strong> in the command dialog.",
            "tooltips": [],
            "hint": "confirm-chimney",
            "stepGroup": 5
          }
        ]
      },
      {
        "id": "9-back-in-time",
        "title": "Go Back in Time",
        "description": "We decided that we did not like the look of our new chimney. It seems very boring compared to the other houses in our neighborhood. Wouldn't it be great to go back in time and change the design of our roof? How convenient that Fusion 360 has this option. You can see every steps of our journey in the timeline at the bottom of our window. You can control them by either dragging the pointer left and right or by using the arrows on the left. The Play Button in the middle shows the construction of our design step by step. Try it out if you want. The buttons beside the Play Button push the pointer one step left or right. The buttons far left and right push the pointer to the beginning and the end of our design.",
        "extendedDescription": "We decided that we did not like the look of our new chimney. It seems very boring compared to the other houses in our neighborhood. Wouldn't it be great to go back in time and change the design of our roof? How convenient that Fusion 360 has this option.",
        "thumbnail": "Chapter9.png",
        "steps": [
          {
            "event": "wentBackInTime",
            "text": "Drag the pointer two places back or click the button left from the play button twice.",
            "tooltips": [
              ""
            ],
            "hint": "move-two-steps-back-in-time",
            "stepGroup": 0
          }
        ]
      },
      {
        "id": "10-cylindrical-chimney",
        "title": "Round and Round",
        "description": "We decided on a cylindrical, tapered chimney for our roof to make it look a little more fancy. We will therefore create a cylinder instead of the box from the previous chapter. Draw a circle with a bigger radius then the cylinder on the roof and combine these with the “Loft” feature.",
        "thumbnail": "Chapter10.png",
        "steps": [
          {
            "event": "offsetPlaneVisible",
            "text": "Ensure that in the ___<strong>Browser</strong>___ under <strong>Construction</strong> the offset plane is visible",
            "tooltips": [
              "You can find the browser typically in the left upper corner of your workspace. It lists all components, sketches etc. and allows to control the visibility of each."
            ],
            "hint": "offset-plane-visible",
            "stepGroup": 0
          },
          {
            "event": "selectOffsetPlane",
            "text": "Select the previously created offset plane",
            "tooltips": [],
            "hint": "select-chimney-offset-plane-with-cylinder",
            "stepGroup": 1
          },
          {
            "event": "clickedCylinder",
            "text": "Select <strong>Cylinder</strong> from the <strong>CREATE</strong> menu",
            "tooltips": [],
            "hint": "select-cylinder-tool",
            "stepGroup": 2
          },
          {
            "event": "clickedCylinderCenter",
            "text": "Click on the ___middle of the roof___ for the center of the cylinder",
            "tooltips": [
              "Click on the TOP side of the <strong>View Cube</strong> (upper right corner) to easier find the middle"
            ],
            "hint": "set-chimney-cylinder-center",
            "stepGroup": 3
          },
          {
            "event": "selectedCylinderDiameter",
            "text": "Drag or type a diameter of 20mm and select a height of 5mm",
            "tooltips": [],
            "hint": "set-chimney-cylinder-diameter",
            "stepGroup": 3
          },
          {
            "event": "confirmCylinder",
            "text": "Confirm by clicking <strong>Ok</strong> in the command dialog.",
            "tooltips": [],
            "hint": "confirm-chimney-cilynder",
            "stepGroup": 3
          },
          {
            "event": "selectedRightSideofRoof",
            "text": "Select the right side of our roof",
            "tooltips": [],
            "hint": "select-right-roof-side",
            "stepGroup": 4
          },
          {
            "event": "clickedCreateSketch",
            "text": "Click on the <strong>Create Sketch</strong> icon.",
            "tooltips": [],
            "hint": "click-create-sketch",
            "stepGroup": 5
          },
          {
            "event": "clickedCircle",
            "text": "Select the <strong>Center Diameter Circle</strong> icon.",
            "tooltips": [],
            "hint": "select-center-diameter-circle",
            "stepGroup": 6
          },
          {
            "event": "clickedCircleCenter",
            "text": "Click on the center of the roof to assign the center of the circle",
            "tooltips": [],
            "hint": "set-center-chimney-bottom",
            "stepGroup": 7
          },
          {
            "event": "draggedCircleDiameter",
            "text": "Drag or enter a diameter of 40mm.",
            "tooltips": [],
            "hint": "set-diameter-chimney-bottom",
            "stepGroup": 7
          },
          {
            "event": "clickedFinishSketch",
            "text": "Click on <strong>Finish Sketch</strong> to confirm.",
            "tooltips": [],
            "hint": "click-finish-sketch",
            "stepGroup": 7
          },
          {
            "event": "selectBottomOfCylinder",
            "text": "Select the ___bottom___ of the cylinder",
            "tooltips": [
              "You can drag the cube in the right upper corner of the workspace to orientate in your design."
            ],
            "hint": "loft-select-bottom-cylinder",
            "stepGroup": 8
          },
          {
            "event": "clickedLoft",
            "text": "Select the <strong>Loft Feature</strong> from the <strong>CREATE</strong> menu.",
            "tooltips": [],
            "hint": "select-loft-feature",
            "stepGroup": 9
          },
          {
            "event": "selectedCircleOnRoof",
            "text": "Select the circle sketch on the roof",
            "tooltips": [],
            "hint": "loft-select-sketch-roof",
            "stepGroup": 10
          },
          {
            "event": "confirmLoft",
            "text": "Confirm by clicking <strong>Ok</strong> in the command dialog.",
            "tooltips": [],
            "hint": "confirm-chimney-loft",
            "stepGroup": 10
          }
        ]
      }
    ]
  }
]